{
  "hash": "09beb633",
  "configHash": "705334b4",
  "lockfileHash": "06adb025",
  "browserHash": "12f8402c",
  "optimized": {
    "@angular/core": {
      "src": "../../../../../../node_modules/@angular/core/fesm2022/core.mjs",
      "file": "@angular_core.js",
      "fileHash": "3ecbfe3d",
      "needsInterop": false
    },
    "@angular/platform-browser": {
      "src": "../../../../../../node_modules/@angular/platform-browser/fesm2022/platform-browser.mjs",
      "file": "@angular_platform-browser.js",
      "fileHash": "fd013cb5",
      "needsInterop": false
    },
    "@angular/router": {
      "src": "../../../../../../node_modules/@angular/router/fesm2022/router.mjs",
      "file": "@angular_router.js",
      "fileHash": "efee9c89",
      "needsInterop": false
    },
    "@angular/forms": {
      "src": "../../../../../../node_modules/@angular/forms/fesm2022/forms.mjs",
      "file": "@angular_forms.js",
      "fileHash": "e65b311d",
      "needsInterop": false
    }
  },
  "chunks": {
    "chunk-GG7B7IAB": {
      "file": "chunk-GG7B7IAB.js"
    },
    "chunk-ETIW6Y7W": {
      "file": "chunk-ETIW6Y7W.js"
    },
    "chunk-LEHRZ7IK": {
      "file": "chunk-LEHRZ7IK.js"
    }
  }
}