{
  "hash": "4336039a",
  "configHash": "65e9d8d4",
  "lockfileHash": "9e819c83",
  "browserHash": "5384927d",
  "optimized": {
    "@angular/common": {
      "src": "../../../../../../node_modules/@angular/common/fesm2022/common.mjs",
      "file": "@angular_common.js",
      "fileHash": "8458f722",
      "needsInterop": false
    },
    "@angular/core": {
      "src": "../../../../../../node_modules/@angular/core/fesm2022/core.mjs",
      "file": "@angular_core.js",
      "fileHash": "dc1899ba",
      "needsInterop": false
    },
    "@angular/forms": {
      "src": "../../../../../../node_modules/@angular/forms/fesm2022/forms.mjs",
      "file": "@angular_forms.js",
      "fileHash": "60d9b7f3",
      "needsInterop": false
    },
    "@angular/platform-browser": {
      "src": "../../../../../../node_modules/@angular/platform-browser/fesm2022/platform-browser.mjs",
      "file": "@angular_platform-browser.js",
      "fileHash": "a1ac6207",
      "needsInterop": false
    },
    "@angular/router": {
      "src": "../../../../../../node_modules/@angular/router/fesm2022/router.mjs",
      "file": "@angular_router.js",
      "fileHash": "3ad9b4de",
      "needsInterop": false
    },
    "rxjs": {
      "src": "../../../../../../node_modules/rxjs/dist/esm5/index.js",
      "file": "rxjs.js",
      "fileHash": "7d15e11a",
      "needsInterop": false
    }
  },
  "chunks": {
    "chunk-OQ3VAIG7": {
      "file": "chunk-OQ3VAIG7.js"
    },
    "chunk-KS4D7APP": {
      "file": "chunk-KS4D7APP.js"
    },
    "chunk-QFF6SDYS": {
      "file": "chunk-QFF6SDYS.js"
    },
    "chunk-PJVWDKLX": {
      "file": "chunk-PJVWDKLX.js"
    }
  }
}